{"cameraMode":{"drawMode":0,"name":"Shaded","section":"Shading Mode"},"sceneLighting":true,"audioPlay":false,"sceneViewState":{"m_AlwaysRefresh":false,"showFog":true,"showSkybox":true,"showFlares":true,"showImageEffects":true,"showParticleSystems":true,"showVisualEffectGraphs":true,"m_FxEnabled":true},"in2DMode":false,"pivot":{"x":7.253841400146484,"y":5.148394584655762,"z":-11.680465698242188},"rotation":{"x":-0.0052628726698458199,"y":0.9884381890296936,"z":-0.14787088334560395,"w":-0.034903280436992648},"size":12.026352882385254,"orthographic":true}