{"cameraMode":{"drawMode":0,"name":"Shaded","section":"Shading Mode"},"sceneLighting":false,"audioPlay":false,"sceneViewState":{"m_AlwaysRefresh":false,"showFog":true,"showSkybox":false,"showFlares":true,"showImageEffects":true,"showParticleSystems":true,"showVisualEffectGraphs":true,"m_FxEnabled":true},"in2DMode":false,"pivot":{"x":-8.940696716308594e-7,"y":0.833936333656311,"z":-0.03125986456871033},"rotation":{"x":0.0002613142423797399,"y":-0.9895235300064087,"z":0.1443917602300644,"w":0.0017772712744772435},"size":1.336360216140747,"orthographic":false}